"Transaction id","Employee id","Date","Account number","Amount","Status"
,,,,,
123456789012,1,2021-11-30,1234567890,,"Done"
124356789012,2,2021-11-30,2345678901,,"Done"
123465789012,3,2021-11-30,3456789012,,"Done"
123456879012,4,2021-11-30,4567890123,,"Done"
123456780912,5,2021-11-30,5678901234,,"Done"
123456789021,6,2021-11-30,6789012345,,"Done"
213456789034,7,2021-11-30,7890123456,,"Done"
213456789045,8,2021-11-30,8901234567,,"Done"
213456789056,10,2021-11-30,2309164366,,"Done"
213456789067,11,2021-11-30,3459024316,,"Done"
213456789078,12,2021-11-30,5629842054,,"Done"
213456789089,13,2021-11-30,3490167931,,"Done"
213456789090,14,2021-11-30,3453889226,,"Done"
231456789012,15,2021-11-30,3457901847,,"Done"
231546789012,16,2021-11-30,6871370536,,"Done"
231547689012,17,2021-11-30,8092347699,,"Done"
231547680912,18,2021-11-30,3902435568,,"Done"
321456789012,19,2021-11-30,3579024686,,"Done"
321654789012,20,2021-11-30,5767893245,,"Done"
321456987012,21,2021-11-30,7890132654,,"Done"
325415689874,22,2021-11-30,4599953314,,"Done"
456256721348,23,2021-11-30,3458906282,,"Done"
245679345832,24,2021-11-30,5652098316,,"Done"
568025134566,25,2021-11-30,2349801592,,"Done"
456313578906,26,2021-11-30,4580005327,,"Done"
345513789074,28,2021-11-30,5608631679,,"Done"
467894563145,29,2021-11-30,5438765215,,"Done"
345677892456,30,2021-11-30,2034958532,,"Done"
344456780786,1,2021-12-31,1234567890,,"Done"
345678906798,2,2021-12-31,2345678901,,"Done"
985673562413,3,2021-12-31,3456789012,,"Done"
531577800642,4,2021-12-31,4567890123,,"Done"
345097614232,5,2021-12-31,5678901234,,"Done"
478913063333,6,2021-12-31,6789012345,,"Done"
553211156796,7,2021-12-31,7890123456,,"Done"
745234543344,8,2021-12-31,8901234567,,"Done"
234459874677,11,2021-12-31,3459024316,,"Done"
478899945442,12,2021-12-31,5629842054,,"Done"
675242145778,13,2021-12-31,3490167931,,"Done"
567890745314,14,2021-12-31,3453889226,,"Done"
345678909765,15,2021-12-31,3457901847,,"Done"
987237645000,16,2021-12-31,6871370536,,"Done"
123456799999,17,2021-12-31,8092347699,,"Done"
345678111110,18,2021-12-31,3902435568,,"Done"
987123566666,19,2021-12-31,3579024686,,"Done"
777444689079,20,2021-12-31,5767893245,,"Aborted"
456789000011,21,2021-12-31,7890132654,,"Done"
234560984444,22,2021-12-31,4599953314,,"Done"
234588884467,23,2021-12-31,3458906282,,"Done"
123409877777,24,2021-12-31,5652098316,,"Done"
882244772322,25,2021-12-31,2349801592,,"Done"
134645296746,26,2021-12-31,4580005327,,"Done"
984321654000,28,2021-12-31,5608631679,,"Done"
345098000222,29,2021-12-31,5438765215,,"Done"
765433000078,30,2021-12-31,2034958532,,"Done"
123450987555,20,2022-01-03,5767893245,,"Done"
